{
  "exact_match": 60.04485142963932,
  "f1": 69.56580173817838
}